Loan_ID,Gender,Married,Dependents,Education,Self_Employed,ApplicantIncome,CoapplicantIncome,Loan_Amount_Term,Credit_History,Property_Area,Loan_Status,LoanAmount_log,ApplicantIncome_log,TotalIncome
LP001924,Male,No,0,Graduate,No,3158,3053.0,360.0,1.0,Rural,Y,4.48863636973214,8.057694194815587,6211.0
LP002055,Female,No,0,Graduate,No,3166,2985.0,360.0,,Rural,Y,4.882801922586371,8.060224240440958,6151.0
LP002537,Male,Yes,0,Graduate,No,2083,3150.0,360.0,1.0,Semiurban,Y,4.852030263919617,7.641564441260972,5233.0
LP001594,Male,Yes,0,Graduate,No,5708,5625.0,360.0,1.0,Semiurban,Y,5.231108616854587,8.649623978596727,11333.0
LP002683,Male,No,0,Graduate,No,4683,1915.0,360.0,1.0,Semiurban,N,5.220355825078324,8.451694209183541,6598.0
LP001658,Male,No,0,Graduate,No,3858,0.0,360.0,1.0,Semiurban,Y,4.330733340286331,8.257904193465674,3858.0
LP001711,Male,Yes,3+,Graduate,No,3430,1250.0,360.0,0.0,Semiurban,N,4.852030263919617,8.140315540159985,4680.0
LP001333,Male,Yes,0,Graduate,No,1977,997.0,360.0,1.0,Semiurban,Y,3.912023005428146,7.589335823170617,2974.0
LP001497,Male,Yes,2,Graduate,No,5042,2083.0,360.0,1.0,Rural,N,5.220355825078324,8.525558107747866,7125.0
LP002836,Male,No,0,Graduate,No,3333,0.0,360.0,1.0,Urban,Y,4.248495242049359,8.11162807830774,3333.0
LP001907,Male,Yes,0,Graduate,No,14583,0.0,360.0,1.0,Semiurban,Y,6.077642243349034,9.587611745713565,14583.0
LP002250,Male,Yes,0,Graduate,No,5488,0.0,360.0,1.0,Rural,Y,4.8283137373023015,8.610319169405722,5488.0
LP002501,,Yes,0,Graduate,No,16692,0.0,360.0,1.0,Semiurban,Y,4.700480365792417,9.722684841711443,16692.0
LP001798,Male,Yes,2,Graduate,No,5819,5000.0,360.0,1.0,Rural,Y,4.787491742782046,8.66888370465667,10819.0
LP002068,Male,No,0,Graduate,No,4917,0.0,360.0,0.0,Rural,Y,4.867534450455582,8.50045386741194,4917.0
LP002239,Male,No,0,Not Graduate,No,2346,1600.0,360.0,1.0,Semiurban,Y,4.882801922586371,7.76046702921342,3946.0
LP001891,Male,Yes,0,Graduate,No,11146,0.0,360.0,1.0,Urban,Y,4.912654885736052,9.318835968129482,11146.0
LP001940,Male,Yes,2,Graduate,No,3153,1560.0,360.0,1.0,Urban,Y,4.897839799950911,8.056109659545061,4713.0
LP001669,Female,No,0,Not Graduate,No,1907,2365.0,,1.0,Urban,Y,4.787491742782046,7.553286605600419,4272.0
LP001531,Male,No,0,Graduate,No,9166,0.0,360.0,1.0,Urban,N,5.497168225293202,9.123256265069069,9166.0
LP001825,Male,Yes,0,Graduate,No,1809,1868.0,360.0,1.0,Urban,Y,4.499809670330265,7.500529485395295,3677.0
LP002892,Male,Yes,2,Graduate,No,6540,0.0,360.0,1.0,Semiurban,Y,5.3230099791384085,8.785692444451245,6540.0
LP002487,Male,Yes,0,Graduate,No,3015,2188.0,360.0,1.0,Rural,Y,5.030437921392435,8.011355109161286,5203.0
LP002500,Male,Yes,3+,Not Graduate,No,2947,1664.0,180.0,0.0,Urban,N,4.248495242049359,7.988542982737695,4611.0
LP001073,Male,Yes,2,Not Graduate,No,4226,1040.0,360.0,1.0,Urban,Y,4.700480365792417,8.349011198176003,5266.0
LP002820,Male,Yes,0,Graduate,No,5923,2054.0,360.0,1.0,Rural,Y,5.351858133476067,8.686598356276965,7977.0
LP001350,Male,Yes,,Graduate,No,13650,0.0,360.0,1.0,Urban,Y,4.984280948055957,9.521494800613105,13650.0
LP002536,Male,Yes,3+,Not Graduate,No,3095,0.0,360.0,1.0,Rural,Y,4.727387818712341,8.037543185118697,3095.0
LP002505,Male,Yes,0,Graduate,No,4333,2451.0,360.0,1.0,Urban,N,4.700480365792417,8.374015421739909,6784.0
LP001606,Male,Yes,0,Graduate,No,3497,1964.0,360.0,1.0,Rural,Y,4.7535901911063645,8.159660737063376,5461.0
LP001562,Male,Yes,0,Graduate,No,7933,0.0,360.0,1.0,Urban,N,5.616771097666572,8.978786553302003,7933.0
LP001137,Female,No,0,Graduate,No,3410,0.0,,1.0,Urban,Y,4.477336814478207,8.134467570277563,3410.0
LP002586,Female,Yes,1,Graduate,No,3326,913.0,84.0,1.0,Semiurban,Y,4.653960350157523,8.109525659752872,4239.0
LP002943,Male,No,,Graduate,No,2987,0.0,360.0,0.0,Semiurban,N,4.477336814478207,8.00202481821611,2987.0
LP002408,Male,No,0,Graduate,No,3660,5064.0,360.0,1.0,Semiurban,Y,5.231108616854587,8.205218426395412,8724.0
LP001578,Male,Yes,0,Graduate,No,2439,3333.0,360.0,1.0,Rural,Y,4.859812404361672,7.79934339821592,5772.0
LP001028,Male,Yes,2,Graduate,No,3073,8106.0,360.0,1.0,Urban,Y,5.298317366548036,8.030409562130485,11179.0
LP001765,Male,Yes,1,Graduate,No,2491,2054.0,360.0,1.0,Semiurban,Y,4.6443908991413725,7.820439515262181,4545.0
LP002100,Male,No,,Graduate,No,2833,0.0,360.0,1.0,Urban,Y,4.2626798770413155,7.949091499830517,2833.0
LP002447,Male,Yes,2,Not Graduate,No,1958,1456.0,300.0,,Urban,Y,4.0943445622221,7.579678823090456,3414.0
LP001164,Female,No,0,Graduate,No,4230,0.0,360.0,1.0,Semiurban,N,4.718498871295094,8.349957272040324,4230.0
LP001098,Male,Yes,0,Graduate,No,3500,1667.0,360.0,1.0,Semiurban,Y,4.736198448394496,8.160518247477505,5167.0
LP002637,Male,No,0,Not Graduate,No,3598,1287.0,360.0,1.0,Rural,N,4.605170185988092,8.188133414510478,4885.0
LP001872,Male,No,0,Graduate,Yes,5166,0.0,360.0,1.0,Semiurban,Y,4.852030263919617,8.549853973655786,5166.0
LP001996,Male,No,0,Graduate,No,20233,0.0,360.0,1.0,Rural,N,6.173786103901937,9.915070213779195,20233.0
LP002855,Male,Yes,2,Graduate,No,16666,0.0,360.0,1.0,Urban,Y,5.616771097666572,9.721125994942152,16666.0
LP001749,Male,Yes,0,Graduate,No,7578,1010.0,,1.0,Semiurban,Y,5.1647859739235145,8.933004591578547,8588.0
LP001256,Male,No,0,Graduate,No,3750,4750.0,360.0,1.0,Urban,N,5.170483995038151,8.229511118964457,8500.0
LP002978,Female,No,0,Graduate,No,2900,0.0,360.0,1.0,Rural,Y,4.2626798770413155,7.9724660159745655,2900.0
LP002209,Female,No,0,Graduate,No,2764,1459.0,360.0,1.0,Urban,Y,4.700480365792417,7.92443418488756,4223.0
LP002364,Male,Yes,0,Graduate,No,14880,0.0,360.0,1.0,Semiurban,Y,4.564348191467836,9.607773308387083,14880.0
LP001892,Male,No,0,Graduate,No,2833,1857.0,360.0,1.0,Rural,Y,4.836281906951478,7.949091499830517,4690.0
LP001095,Male,No,0,Graduate,No,3167,0.0,360.0,1.0,Urban,N,4.30406509320417,8.06054004653864,3167.0
LP002390,Male,No,0,Graduate,No,3750,0.0,360.0,1.0,Urban,Y,4.605170185988092,8.229511118964457,3750.0
LP001222,Female,No,0,Graduate,No,4166,0.0,360.0,0.0,Semiurban,N,4.7535901911063645,8.334711621820917,4166.0
LP001319,Male,Yes,2,Not Graduate,No,3273,1820.0,360.0,1.0,Urban,Y,4.394449154672439,8.09346227450118,5093.0
LP002367,Female,No,1,Not Graduate,No,4606,0.0,360.0,1.0,Rural,N,4.394449154672439,8.43511508038063,4606.0
LP001994,Female,No,0,Graduate,No,2400,1863.0,360.0,0.0,Urban,N,4.6443908991413725,7.783224016336037,4263.0
LP001529,Male,Yes,0,Graduate,Yes,2577,3750.0,360.0,1.0,Rural,Y,5.0238805208462765,7.854381210652365,6327.0
LP002979,Male,Yes,3+,Graduate,No,4106,0.0,180.0,1.0,Rural,Y,3.6888794541139363,8.32020459757888,4106.0
LP001052,Male,Yes,1,Graduate,No,3717,2925.0,360.0,,Semiurban,N,5.017279836814924,8.220672170297252,6642.0
LP001963,Male,Yes,1,Graduate,No,2014,2925.0,360.0,1.0,Urban,N,4.727387818712341,7.607878073278507,4939.0
LP002777,Male,Yes,0,Graduate,No,2785,2016.0,360.0,1.0,Rural,Y,4.700480365792417,7.932003152361385,4801.0
LP001653,Male,No,0,Not Graduate,No,4885,0.0,360.0,1.0,Rural,Y,3.871201010907891,8.493924564476883,4885.0
LP002211,Male,Yes,0,Graduate,No,4817,923.0,180.0,1.0,Urban,Y,4.787491742782046,8.479906606630221,5740.0
LP002318,Female,No,1,Not Graduate,Yes,3867,0.0,360.0,1.0,Semiurban,N,4.127134385045092,8.260234291607297,3867.0
LP002533,Male,Yes,2,Graduate,No,2947,1603.0,360.0,1.0,Urban,N,4.984280948055957,7.988542982737695,4550.0
LP002103,,Yes,1,Graduate,Yes,9833,1833.0,180.0,1.0,Urban,Y,5.204006687076795,9.193499354780156,11666.0
LP001034,Male,No,1,Not Graduate,No,3596,0.0,240.0,,Urban,Y,4.605170185988092,8.18757739559151,3596.0
LP001656,Male,No,0,Graduate,No,12000,0.0,360.0,1.0,Semiurban,N,5.099866427824199,9.392661928770137,12000.0
LP001896,Male,Yes,2,Graduate,No,3900,0.0,360.0,1.0,Semiurban,Y,4.499809670330265,8.268731832117737,3900.0
LP001744,Male,No,0,Graduate,No,2971,2791.0,360.0,1.0,Semiurban,Y,4.969813299576001,7.9966538754626075,5762.0
LP002138,Male,Yes,0,Graduate,No,2625,6250.0,360.0,1.0,Rural,Y,5.231108616854587,7.872836175025724,8875.0
LP001241,Female,No,0,Graduate,No,4300,0.0,360.0,0.0,Semiurban,N,4.912654885736052,8.366370301681654,4300.0
LP002418,Male,No,3+,Not Graduate,No,4707,1993.0,360.0,1.0,Semiurban,Y,4.997212273764115,8.456806041401142,6700.0
LP002984,Male,Yes,2,Graduate,No,7583,0.0,360.0,1.0,Urban,Y,5.231108616854587,8.933664178700935,7583.0
LP001841,Male,No,0,Not Graduate,Yes,2583,2167.0,360.0,1.0,Rural,Y,4.6443908991413725,7.8567067930958405,4750.0
LP002082,Male,Yes,0,Graduate,Yes,5818,2160.0,360.0,1.0,Semiurban,Y,5.214935757608986,8.668711839055147,7978.0
LP002446,Male,Yes,2,Not Graduate,No,2309,1255.0,360.0,0.0,Rural,N,4.8283137373023015,7.744569809354496,3564.0
LP001238,Male,Yes,3+,Not Graduate,Yes,7100,0.0,60.0,1.0,Urban,Y,4.8283137373023015,8.867850063029406,7100.0
LP002225,Male,Yes,2,Graduate,No,5391,0.0,360.0,1.0,Urban,Y,4.867534450455582,8.592486175451668,5391.0
LP002067,Male,Yes,1,Graduate,Yes,8666,4983.0,360.0,0.0,Rural,N,5.929589143389895,9.067162602299854,13649.0
LP001760,Male,,,Graduate,No,4758,0.0,480.0,1.0,Semiurban,Y,5.062595033026967,8.467582690862903,4758.0
LP002370,Male,No,0,Not Graduate,No,2717,0.0,180.0,1.0,Urban,Y,4.0943445622221,7.907283609426348,2717.0
LP001904,Male,Yes,0,Graduate,No,3103,1300.0,360.0,1.0,Urban,Y,4.382026634673881,8.04012466444838,4403.0
LP001144,Male,Yes,0,Graduate,No,5821,0.0,360.0,1.0,Urban,Y,4.969813299576001,8.669227347271736,5821.0
LP002841,Male,Yes,0,Graduate,No,3166,2064.0,360.0,0.0,Urban,N,4.6443908991413725,8.060224240440958,5230.0
LP002444,Male,No,1,Not Graduate,Yes,2769,1542.0,360.0,,Semiurban,N,5.247024072160486,7.926241523170962,4311.0
LP001263,Male,Yes,3+,Graduate,No,3167,4000.0,300.0,0.0,Semiurban,N,5.19295685089021,8.06054004653864,7167.0
LP002236,Male,Yes,2,Graduate,No,4566,0.0,360.0,1.0,Urban,N,4.605170185988092,8.42639282708974,4566.0
LP002337,Female,No,0,Graduate,No,2995,0.0,360.0,1.0,Urban,Y,4.0943445622221,8.00469951054955,2995.0
LP001385,Male,No,0,Graduate,No,5316,0.0,360.0,1.0,Urban,Y,4.912654885736052,8.578476419833136,5316.0
LP002648,Male,Yes,0,Graduate,No,2130,6666.0,180.0,1.0,Semiurban,N,4.248495242049359,7.6638772587034705,8796.0
LP002281,Male,Yes,0,Graduate,No,3033,1459.0,360.0,1.0,Urban,Y,4.553876891600541,8.017307507688582,4492.0
LP002544,Male,Yes,1,Not Graduate,No,1958,2436.0,360.0,1.0,Rural,Y,4.875197323201151,7.579678823090456,4394.0
LP002114,Female,No,0,Graduate,No,4160,0.0,360.0,1.0,Semiurban,Y,4.2626798770413155,8.333270353255308,4160.0
LP001131,Male,Yes,0,Graduate,No,3941,2336.0,360.0,1.0,Semiurban,Y,4.897839799950911,8.279189777195004,6277.0
LP001367,Male,Yes,1,Graduate,No,3052,1030.0,360.0,1.0,Urban,Y,4.605170185988092,8.023552392404348,4082.0
LP001014,Male,Yes,3+,Graduate,No,3036,2504.0,360.0,0.0,Semiurban,N,5.062595033026967,8.01829613851552,5540.0
LP001225,Male,Yes,0,Graduate,No,5726,4595.0,360.0,1.0,Semiurban,N,5.552959584921617,8.65277248565806,10321.0
LP002110,Male,Yes,1,Graduate,No,5250,688.0,360.0,1.0,Rural,Y,5.075173815233827,8.565983355585669,5938.0
LP001504,Male,No,0,Graduate,Yes,6950,0.0,180.0,1.0,Semiurban,Y,5.1647859739235145,8.846496938558838,6950.0
LP001275,Male,Yes,1,Graduate,No,3988,0.0,240.0,1.0,Urban,Y,3.912023005428146,8.291045131081729,3988.0
LP001768,Male,Yes,0,Graduate,No,3716,0.0,180.0,1.0,Rural,Y,3.7376696182833684,8.22040309993373,3716.0
LP002940,Male,No,0,Not Graduate,No,3833,0.0,360.0,1.0,Rural,Y,4.700480365792417,8.251403065380556,3833.0
LP001248,Male,No,0,Graduate,No,3500,0.0,300.0,1.0,Semiurban,Y,4.394449154672439,8.160518247477505,3500.0
LP001877,Male,Yes,2,Graduate,No,4708,1387.0,360.0,1.0,Semiurban,Y,5.0106352940962555,8.457018468380168,6095.0
LP002916,Male,Yes,0,Graduate,No,2297,1522.0,360.0,1.0,Urban,Y,4.6443908991413725,7.739359202689098,3819.0
LP001586,Male,Yes,3+,Not Graduate,No,3522,0.0,180.0,1.0,Rural,N,4.394449154672439,8.166784289056151,3522.0
LP001634,Male,No,0,Graduate,No,1916,5063.0,360.0,,Rural,N,4.204692619390966,7.557994958530806,6979.0
LP002941,Male,Yes,2,Not Graduate,Yes,6383,1000.0,360.0,1.0,Rural,N,5.231108616854587,8.761393485256058,7383.0
LP002006,Female,No,0,Graduate,No,2507,0.0,360.0,1.0,Rural,Y,4.02535169073515,7.826842098158293,2507.0
LP001345,Male,Yes,2,Not Graduate,No,4288,3263.0,180.0,1.0,Urban,Y,4.890349128221754,8.363575702750637,7551.0
LP002917,Female,No,0,Not Graduate,No,2165,0.0,360.0,1.0,Semiurban,Y,4.248495242049359,7.68017564043659,2165.0
LP001608,Male,Yes,2,Graduate,No,2045,1619.0,360.0,1.0,Rural,Y,4.61512051684126,7.623153068476902,3664.0
LP001570,Male,Yes,2,Graduate,No,4167,1447.0,360.0,1.0,Rural,Y,5.062595033026967,8.334951631422454,5614.0
LP001811,Male,Yes,0,Not Graduate,No,3406,4417.0,360.0,1.0,Semiurban,Y,4.812184355372417,8.133293861222633,7823.0
LP002478,,Yes,0,Graduate,Yes,2083,4083.0,360.0,,Semiurban,Y,5.075173815233827,7.641564441260972,6166.0
LP002789,Male,Yes,0,Graduate,No,3593,4266.0,180.0,0.0,Rural,N,4.882801922586371,8.186742787113518,7859.0
LP001013,Male,Yes,0,Not Graduate,No,2333,1516.0,360.0,1.0,Urban,Y,4.553876891600541,7.75491027202143,3849.0
LP001806,Male,No,0,Graduate,No,2965,5701.0,60.0,1.0,Urban,Y,5.043425116919247,7.994632311431825,8666.0
LP001657,Male,Yes,0,Not Graduate,No,6033,0.0,360.0,1.0,Urban,N,5.075173815233827,8.704999678440762,6033.0
LP001543,Male,Yes,1,Graduate,No,9538,0.0,360.0,1.0,Urban,Y,5.231108616854587,9.16303909885817,9538.0
LP001865,Male,Yes,1,Graduate,No,6083,4250.0,360.0,,Urban,Y,5.799092654460526,8.713253274320705,10333.0
LP001977,Male,Yes,1,Graduate,No,1625,1803.0,360.0,1.0,Urban,Y,4.564348191467836,7.393263094763838,3428.0
LP002314,Female,No,0,Not Graduate,No,2213,0.0,360.0,1.0,Rural,Y,4.189654742026425,7.70210434005105,2213.0
LP001868,Male,No,0,Graduate,No,2060,2209.0,360.0,1.0,Semiurban,Y,4.897839799950911,7.630461261783627,4269.0
LP002141,Male,Yes,3+,Graduate,No,2666,2083.0,360.0,1.0,Rural,Y,4.553876891600541,7.888334500738654,4749.0
LP002407,Female,Yes,0,Not Graduate,Yes,7142,0.0,360.0,1.0,Rural,Y,4.927253685157205,8.873748128154395,7142.0
LP002387,Male,Yes,0,Graduate,No,2425,2340.0,360.0,1.0,Semiurban,Y,4.962844630259907,7.793586803371584,4765.0
LP001473,Male,No,0,Graduate,No,2014,1929.0,360.0,1.0,Urban,Y,4.30406509320417,7.607878073278507,3943.0
LP002137,Male,Yes,0,Graduate,No,6333,4583.0,360.0,,Semiurban,Y,5.556828061699537,8.753529336516431,10916.0
LP002401,Male,Yes,0,Graduate,No,2213,1125.0,360.0,1.0,Urban,Y,4.984280948055957,7.70210434005105,3338.0
LP002626,Male,Yes,0,Graduate,Yes,2479,3013.0,360.0,1.0,Urban,Y,5.236441962829949,7.8156105320351905,5492.0
LP001003,Male,Yes,1,Graduate,No,4583,1508.0,360.0,1.0,Rural,N,4.852030263919617,8.430109084509125,6091.0
LP002393,Female,,,Graduate,No,10047,0.0,240.0,1.0,Semiurban,Y,4.984280948055957,9.215029361462314,10047.0
LP001637,Male,Yes,1,Graduate,No,33846,0.0,360.0,1.0,Semiurban,N,5.560681631015528,10.429576102968031,33846.0
LP002224,Male,No,0,Graduate,No,3069,0.0,480.0,1.0,Urban,N,4.2626798770413155,8.029107054619736,3069.0
LP001384,Male,Yes,3+,Not Graduate,No,2071,754.0,480.0,1.0,Semiurban,Y,4.543294782270004,7.635786861395585,2825.0
LP001404,Female,Yes,0,Graduate,No,3167,2283.0,360.0,1.0,Semiurban,Y,5.0369526024136295,8.06054004653864,5450.0
LP002036,Male,Yes,0,Graduate,No,2058,2134.0,360.0,,Urban,Y,4.477336814478207,7.629489916393995,4192.0
LP002263,Male,Yes,0,Graduate,No,2583,2115.0,360.0,,Urban,Y,4.787491742782046,7.8567067930958405,4698.0
LP002582,Female,No,0,Not Graduate,Yes,17263,0.0,360.0,1.0,Semiurban,Y,5.41610040220442,9.756320761816548,17263.0
LP002545,Male,No,2,Graduate,No,3547,0.0,360.0,0.0,Rural,N,4.382026634673881,8.173857454773621,3547.0
LP002262,Male,Yes,3+,Graduate,No,9504,0.0,360.0,1.0,Rural,Y,5.616771097666572,9.159468041602427,9504.0
LP002229,Male,No,0,Graduate,No,5941,4232.0,360.0,1.0,Semiurban,Y,5.69035945432406,8.689632748355741,10173.0
LP001908,Female,Yes,0,Not Graduate,No,4100,0.0,360.0,,Rural,Y,4.820281565605037,8.318742252692399,4100.0
LP002562,Male,Yes,1,Not Graduate,No,5333,1131.0,360.0,,Urban,Y,5.225746673713202,8.581669210600602,6464.0
LP001195,Male,Yes,0,Graduate,No,2132,1591.0,360.0,1.0,Semiurban,Y,4.564348191467836,7.664815785285735,3723.0
LP001894,Male,Yes,0,Graduate,No,2620,2223.0,360.0,1.0,Semiurban,Y,5.0106352940962555,7.8709295967551425,4843.0
LP002004,Male,No,0,Not Graduate,No,2927,2405.0,360.0,1.0,Semiurban,Y,4.709530201312334,7.9817332866918855,5332.0
LP001370,Male,No,0,Not Graduate,No,7333,0.0,360.0,1.0,Rural,N,4.787491742782046,8.9001399880938,7333.0
LP001430,Female,No,0,Graduate,No,4166,0.0,360.0,1.0,Semiurban,Y,3.784189633918261,8.334711621820917,4166.0
LP001243,Male,Yes,0,Graduate,No,3208,3066.0,360.0,1.0,Urban,Y,5.147494476813453,8.073402968986406,6274.0
LP001990,Male,No,0,Not Graduate,No,2000,0.0,360.0,1.0,Urban,N,4.984280948055957,7.600902459542082,2000.0
LP001786,Male,Yes,0,Graduate,No,5746,0.0,360.0,,Urban,N,5.541263545158426,8.656259239539235,5746.0
LP001664,Male,No,0,Graduate,No,4191,0.0,360.0,1.0,Rural,Y,4.787491742782046,8.340694647925071,4191.0
LP001688,Male,Yes,1,Not Graduate,No,3500,1083.0,360.0,1.0,Urban,Y,4.90527477843843,8.160518247477505,4583.0
LP002443,Male,Yes,2,Graduate,No,3340,1710.0,360.0,0.0,Rural,N,5.0106352940962555,8.113726085970747,5050.0
LP002602,Male,No,0,Graduate,No,6283,4416.0,360.0,0.0,Rural,N,5.342334251964811,8.745602852402946,10699.0
LP002398,Male,No,0,Graduate,No,1926,1851.0,360.0,1.0,Semiurban,Y,3.912023005428146,7.563200592358071,3777.0
LP002223,Male,Yes,0,Graduate,No,4310,0.0,360.0,,Semiurban,Y,4.867534450455582,8.368693183097793,4310.0
LP001870,Female,No,1,Graduate,No,3481,0.0,36.0,1.0,Semiurban,N,5.043425116919247,8.15507488781144,3481.0
LP001318,Male,Yes,2,Graduate,No,6250,5654.0,180.0,1.0,Semiurban,Y,5.236441962829949,8.740336742730447,11904.0
LP001708,Female,No,0,Graduate,No,10000,0.0,360.0,1.0,Semiurban,N,5.365976015021851,9.210340371976184,10000.0
LP001325,Male,No,0,Not Graduate,No,3620,0.0,120.0,1.0,Semiurban,Y,3.2188758248682006,8.194229304819817,3620.0
LP002643,Male,Yes,2,Graduate,No,3283,2035.0,360.0,1.0,Urban,Y,4.997212273764115,8.096512917501594,5318.0
LP001922,Male,Yes,0,Graduate,No,20667,0.0,360.0,1.0,Rural,N,4.984280948055957,9.936293504261306,20667.0
LP001421,Male,Yes,0,Graduate,No,5568,2142.0,360.0,1.0,Rural,N,5.1647859739235145,8.624791202014256,7710.0
LP001265,Female,No,0,Graduate,No,3846,0.0,360.0,1.0,Semiurban,Y,4.709530201312334,8.254788926148725,3846.0
LP001535,Male,No,0,Graduate,No,3254,0.0,360.0,1.0,Urban,Y,3.912023005428146,8.087640287778983,3254.0
LP001289,Male,No,0,Graduate,No,8566,0.0,360.0,1.0,Urban,Y,5.3471075307174685,9.055556158175316,8566.0
LP002288,Male,Yes,2,Not Graduate,No,2889,0.0,180.0,0.0,Urban,N,3.8066624897703196,7.968665700466235,2889.0
LP002524,Male,No,2,Graduate,No,5532,4648.0,360.0,1.0,Rural,Y,5.087596335232384,8.61830469278465,10180.0
LP002345,Male,Yes,0,Graduate,No,1025,2773.0,360.0,1.0,Rural,Y,4.718498871295094,6.932447891572509,3798.0
LP002634,Female,No,1,Graduate,No,13262,0.0,360.0,1.0,Urban,Y,3.6888794541139363,9.492658081928813,13262.0
LP001398,Male,No,0,Graduate,No,5050,0.0,360.0,1.0,Semiurban,Y,4.770684624465665,8.527143522269405,5050.0
LP001935,Male,No,0,Graduate,No,9508,0.0,360.0,1.0,Rural,Y,5.231108616854587,9.159888828480085,9508.0
LP002640,Male,Yes,1,Graduate,No,6065,2004.0,360.0,1.0,Semiurban,Y,5.521460917862246,8.71028982137815,8069.0
LP001843,Male,Yes,1,Not Graduate,No,2661,7101.0,180.0,1.0,Semiurban,Y,5.631211781821365,7.886457270977689,9762.0
LP002101,Male,Yes,0,Graduate,No,63337,0.0,180.0,1.0,Urban,Y,6.194405391104672,11.05622495553552,63337.0
LP001334,Male,Yes,0,Not Graduate,No,4188,0.0,180.0,1.0,Semiurban,Y,4.74493212836325,8.339978571990427,4188.0
LP001949,Male,Yes,3+,Graduate,No,4416,1250.0,360.0,1.0,Urban,Y,4.700480365792417,8.392989587956931,5666.0
LP001577,Female,Yes,0,Graduate,No,4583,0.0,360.0,1.0,Rural,N,4.718498871295094,8.430109084509125,4583.0
LP001665,Male,Yes,1,Graduate,No,3125,2583.0,360.0,1.0,Semiurban,N,5.135798437050262,8.047189562170502,5708.0
LP001813,Male,No,0,Graduate,Yes,6050,4333.0,180.0,1.0,Urban,N,4.787491742782046,8.707813551024888,10383.0
LP002332,Male,Yes,0,Not Graduate,No,2253,2033.0,360.0,1.0,Rural,Y,4.700480365792417,7.720017940432244,4286.0
LP001448,,Yes,3+,Graduate,No,23803,0.0,360.0,1.0,Rural,Y,5.91350300563827,10.077566902136047,23803.0
LP002720,Male,Yes,3+,Graduate,No,4281,0.0,360.0,1.0,Urban,Y,4.605170185988092,8.361941906144946,4281.0
LP001644,,Yes,0,Graduate,Yes,674,5296.0,360.0,1.0,Rural,Y,5.123963979403259,6.513230110912307,5970.0
LP002928,Male,Yes,0,Graduate,No,3000,3416.0,180.0,1.0,Semiurban,Y,4.02535169073515,8.006367567650246,6416.0
LP001854,Male,Yes,3+,Graduate,No,5250,0.0,360.0,1.0,Urban,N,4.543294782270004,8.565983355585669,5250.0
LP001726,Male,Yes,0,Graduate,No,3727,1775.0,360.0,1.0,Semiurban,Y,4.875197323201151,8.223358899479258,5502.0
LP001516,Female,Yes,2,Graduate,No,14866,0.0,360.0,1.0,Urban,Y,4.248495242049359,9.60683200528524,14866.0
LP002335,Female,Yes,0,Not Graduate,No,2149,3237.0,360.0,0.0,Semiurban,N,5.181783550292085,7.67275789664251,5386.0
LP001978,Male,No,0,Graduate,No,4000,2500.0,360.0,1.0,Rural,Y,4.941642422609304,8.294049640102028,6500.0
LP002409,Male,Yes,0,Graduate,No,7901,1833.0,360.0,1.0,Rural,Y,5.19295685089021,8.974744612722734,9734.0
LP002116,Female,No,0,Graduate,No,2378,0.0,360.0,1.0,Rural,N,3.828641396489095,7.774015077250727,2378.0
LP001199,Male,Yes,2,Not Graduate,No,3357,2859.0,360.0,1.0,Urban,Y,4.969813299576001,8.118802996980035,6216.0
LP002129,Male,Yes,0,Graduate,No,2499,2458.0,360.0,1.0,Semiurban,Y,5.075173815233827,7.823645930834952,4957.0
LP002362,Male,Yes,1,Graduate,No,7250,1667.0,,0.0,Urban,N,4.700480365792417,8.88875674784872,8917.0
LP001205,Male,Yes,0,Graduate,No,2500,3796.0,360.0,1.0,Urban,Y,4.787491742782046,7.824046010856292,6296.0
LP001974,Female,No,0,Graduate,No,5000,0.0,360.0,1.0,Rural,Y,4.882801922586371,8.517193191416238,5000.0
LP002776,Female,No,0,Graduate,No,5000,0.0,360.0,0.0,Semiurban,N,4.634728988229636,8.517193191416238,5000.0
LP001572,Male,Yes,0,Graduate,No,9323,0.0,180.0,1.0,Urban,Y,4.31748811353631,9.140239744296693,9323.0
LP002619,Male,Yes,0,Not Graduate,No,3814,1483.0,300.0,1.0,Semiurban,Y,4.820281565605037,8.246433786160365,5297.0
LP002369,Male,Yes,0,Graduate,No,2920,16.12000084,360.0,1.0,Rural,Y,4.465908118654584,7.979338895262328,2936.12000084
LP001493,Male,Yes,2,Not Graduate,No,4200,1430.0,360.0,1.0,Rural,N,4.859812404361672,8.34283980427146,5630.0
LP001422,Female,No,0,Graduate,No,10408,0.0,360.0,1.0,Urban,Y,5.556828061699537,9.250330020192342,10408.0
LP002142,Female,Yes,0,Graduate,Yes,5500,0.0,360.0,0.0,Rural,N,4.653960350157523,8.612503371220562,5500.0
LP002472,Male,No,2,Graduate,No,4354,0.0,360.0,1.0,Rural,Y,4.912654885736052,8.378850241794492,4354.0
LP001027,Male,Yes,2,Graduate,No,2500,1840.0,360.0,1.0,Urban,Y,4.6913478822291435,7.824046010856292,4340.0
LP001732,Male,Yes,2,Graduate,No,5000,0.0,360.0,0.0,Semiurban,N,4.276666119016055,8.517193191416238,5000.0
LP001998,Male,Yes,2,Not Graduate,No,7667,0.0,360.0,,Rural,Y,5.220355825078324,8.944680683558895,7667.0
LP002459,Male,Yes,0,Graduate,No,4301,0.0,360.0,1.0,Urban,Y,4.770684624465665,8.366602832783736,4301.0
LP001465,Male,Yes,0,Graduate,No,6080,2569.0,360.0,,Rural,N,5.204006687076795,8.712759974960212,8649.0
LP002784,Male,Yes,1,Not Graduate,No,2492,2375.0,360.0,1.0,Rural,Y,4.984280948055957,7.820840879907344,4867.0
LP001206,Male,Yes,3+,Graduate,No,3029,0.0,360.0,1.0,Urban,Y,4.59511985013459,8.015987811027237,3029.0
LP001024,Male,Yes,2,Graduate,No,3200,700.0,360.0,1.0,Urban,Y,4.248495242049359,8.070906088787819,3900.0
LP001266,Male,Yes,1,Graduate,Yes,2395,0.0,360.0,1.0,Semiurban,Y,4.984280948055957,7.781138509845015,2395.0
LP002529,Male,Yes,2,Graduate,No,6700,1750.0,300.0,1.0,Semiurban,Y,5.438079308923196,8.809862805379057,8450.0
LP002489,Female,No,1,Not Graduate,No,5191,0.0,360.0,1.0,Semiurban,Y,4.882801922586371,8.55468163582723,5191.0
LP002158,Male,Yes,0,Not Graduate,No,3000,1666.0,480.0,0.0,Urban,N,4.605170185988092,8.006367567650246,4666.0
LP001776,Female,No,0,Graduate,No,8333,0.0,360.0,1.0,Semiurban,Y,5.634789603169249,9.027978814382207,8333.0
LP002699,Male,Yes,2,Graduate,Yes,17500,0.0,360.0,1.0,Rural,Y,5.991464547107982,9.769956159911606,17500.0
LP002961,Male,Yes,1,Graduate,No,3400,2500.0,360.0,1.0,Semiurban,Y,5.153291594497779,8.131530710604252,5900.0
LP001155,Female,Yes,0,Not Graduate,No,1928,1644.0,360.0,1.0,Semiurban,Y,4.605170185988092,7.564238475170491,3572.0
LP001630,Male,No,0,Not Graduate,No,2333,1451.0,480.0,0.0,Urban,N,4.624972813284271,7.75491027202143,3784.0
LP001100,Male,No,3+,Graduate,No,12500,3000.0,360.0,1.0,Rural,N,5.768320995793772,9.433483923290392,15500.0
LP001379,Male,Yes,2,Graduate,No,3800,3600.0,360.0,0.0,Urban,N,5.375278407684165,8.242756345714477,7400.0
LP002234,Male,No,0,Graduate,Yes,7167,0.0,360.0,1.0,Urban,Y,4.852030263919617,8.877242435993919,7167.0
LP001197,Male,Yes,0,Graduate,No,3366,2200.0,360.0,1.0,Rural,N,4.90527477843843,8.121480374750751,5566.0
LP002585,Male,Yes,0,Graduate,No,3597,2157.0,360.0,0.0,Rural,N,4.77912349311153,8.187855443695623,5754.0
LP001800,Male,Yes,1,Not Graduate,No,2510,1983.0,180.0,1.0,Urban,N,4.941642422609304,7.828038032125829,4493.0
LP002625,,No,0,Graduate,No,3583,0.0,360.0,1.0,Urban,N,4.564348191467836,8.183955717304954,3583.0
LP002606,Female,No,0,Graduate,No,3159,0.0,360.0,1.0,Semiurban,Y,4.605170185988092,8.058010800802085,3159.0
LP001790,Female,No,1,Graduate,No,3812,0.0,360.0,1.0,Rural,Y,4.718498871295094,8.245909264774093,3812.0
LP002731,Female,No,0,Not Graduate,Yes,18165,0.0,360.0,1.0,Urban,Y,4.8283137373023015,9.807251944655302,18165.0
LP001387,Female,Yes,0,Graduate,No,2929,2333.0,360.0,1.0,Semiurban,Y,4.9344739331306915,7.982416346827733,5262.0
LP001910,Male,No,1,Not Graduate,Yes,4053,2426.0,360.0,0.0,Urban,N,5.062595033026967,8.307212626628308,6479.0
LP001106,Male,Yes,0,Graduate,No,2275,2067.0,360.0,1.0,Urban,Y,4.984280948055957,7.729735331385051,4342.0
LP001030,Male,Yes,2,Graduate,No,1299,1086.0,120.0,1.0,Urban,Y,2.833213344056216,7.1693500166706,2385.0
LP001716,Male,Yes,0,Graduate,No,3173,3021.0,360.0,1.0,Urban,Y,4.919980925828125,8.062432791583195,6194.0
LP002429,Male,Yes,1,Graduate,Yes,3466,1210.0,360.0,1.0,Rural,Y,4.867534450455582,8.150756470275551,4676.0
LP002297,Male,No,0,Graduate,No,2500,20000.0,360.0,1.0,Semiurban,Y,4.634728988229636,7.824046010856292,22500.0
LP002527,Male,Yes,2,Graduate,Yes,16525,1014.0,360.0,1.0,Rural,Y,5.0106352940962555,9.712629664719888,17539.0
LP001560,Male,Yes,0,Not Graduate,No,1863,1041.0,360.0,1.0,Semiurban,Y,4.584967478670572,7.529943370601589,2904.0
LP001736,Male,Yes,0,Graduate,No,2221,0.0,360.0,0.0,Urban,N,4.0943445622221,7.7057128238944275,2221.0
LP002960,Male,Yes,0,Not Graduate,No,2400,3800.0,180.0,1.0,Urban,N,4.984280948055957,7.783224016336037,6200.0
LP002266,Male,Yes,2,Graduate,No,3100,1400.0,360.0,1.0,Urban,Y,4.727387818712341,8.039157390473237,4500.0
LP001068,Male,Yes,0,Graduate,No,2799,2253.0,360.0,1.0,Semiurban,Y,4.804021044733257,7.937017489515454,5052.0
LP002768,Male,No,0,Not Graduate,No,3358,0.0,36.0,1.0,Semiurban,N,4.382026634673881,8.119100837637486,3358.0
LP002143,Female,Yes,0,Graduate,No,2423,505.0,360.0,1.0,Semiurban,Y,4.867534450455582,7.792761720816526,2928.0
LP001639,Female,Yes,0,Graduate,No,3625,0.0,360.0,1.0,Semiurban,Y,4.68213122712422,8.195609567288775,3625.0
LP002874,Male,No,0,Graduate,No,3229,2739.0,360.0,1.0,Urban,Y,4.700480365792417,8.079927770758275,5968.0
LP002379,Male,No,0,Graduate,No,6500,0.0,360.0,0.0,Rural,N,4.653960350157523,8.779557455883728,6500.0
LP001343,Male,Yes,0,Graduate,No,1759,3541.0,360.0,1.0,Semiurban,Y,4.875197323201151,7.472500744737558,5300.0
LP002785,Male,Yes,1,Graduate,No,3333,3250.0,360.0,1.0,Urban,Y,5.062595033026967,8.11162807830774,6583.0
LP001945,Female,No,,Graduate,No,5417,0.0,480.0,0.0,Urban,N,4.962844630259907,8.597297435657898,5417.0
LP001066,Male,Yes,0,Graduate,Yes,9560,0.0,360.0,1.0,Semiurban,Y,5.25227342804663,9.165343006045447,9560.0
LP002877,Male,Yes,1,Graduate,No,1782,2232.0,360.0,1.0,Rural,Y,4.672828834461906,7.485491608030754,4014.0
LP001926,Male,Yes,0,Graduate,No,3704,2000.0,360.0,1.0,Rural,Y,4.787491742782046,8.21716859576607,5704.0
LP001903,Male,Yes,0,Graduate,No,3993,3274.0,360.0,1.0,Semiurban,Y,5.332718793265369,8.292298107063221,7267.0
LP002347,Male,Yes,0,Graduate,No,3246,1417.0,360.0,1.0,Semiurban,Y,4.927253685157205,8.085178748074537,4663.0
LP002140,Male,No,0,Graduate,No,8750,4167.0,360.0,1.0,Rural,N,5.730099782973574,9.07680897935166,12917.0
LP002837,Male,Yes,3+,Graduate,No,3400,2500.0,360.0,0.0,Rural,N,4.812184355372417,8.131530710604252,5900.0
LP002555,Male,Yes,2,Graduate,Yes,4583,2083.0,360.0,1.0,Semiurban,Y,5.075173815233827,8.430109084509125,6666.0
LP002842,Male,Yes,1,Graduate,No,3417,1750.0,360.0,1.0,Urban,Y,5.225746673713202,8.136518252115291,5167.0
LP002894,Female,Yes,0,Graduate,No,3166,0.0,360.0,1.0,Semiurban,Y,3.58351893845611,8.060224240440958,3166.0
LP002243,Male,Yes,0,Not Graduate,No,3010,3136.0,360.0,0.0,Urban,N,4.984280948055957,8.009695357742922,6146.0
LP001552,Male,Yes,0,Graduate,No,4583,5625.0,360.0,1.0,Semiurban,Y,5.541263545158426,8.430109084509125,10208.0
LP001112,Female,Yes,0,Graduate,No,3667,1459.0,360.0,1.0,Semiurban,Y,4.969813299576001,8.207129168071326,5126.0
LP001228,Male,No,0,Not Graduate,No,3200,2254.0,180.0,0.0,Urban,N,4.836281906951478,8.070906088787819,5454.0
LP002531,Male,Yes,1,Graduate,Yes,16667,2250.0,360.0,1.0,Semiurban,Y,4.454347296253507,9.721185995542177,18917.0
LP002692,Male,Yes,3+,Graduate,Yes,5677,1424.0,360.0,1.0,Rural,Y,4.605170185988092,8.644178203170727,7101.0
LP001754,Male,Yes,,Not Graduate,Yes,4735,0.0,360.0,1.0,Urban,N,4.927253685157205,8.462737005620179,4735.0
LP001469,Male,No,0,Graduate,Yes,20166,0.0,480.0,,Urban,Y,6.476972362889683,9.91175329695316,20166.0
LP002945,Male,Yes,0,Graduate,Yes,9963,0.0,360.0,1.0,Rural,Y,5.19295685089021,9.206633510044856,9963.0
LP001603,Male,Yes,0,Not Graduate,Yes,4344,736.0,360.0,1.0,Semiurban,N,4.465908118654584,8.37655086161377,5080.0
LP001758,Male,Yes,2,Graduate,No,6250,1695.0,360.0,1.0,Semiurban,Y,5.3471075307174685,8.740336742730447,7945.0
LP001915,Male,Yes,2,Graduate,No,2301,985.7999878,180.0,1.0,Urban,Y,4.356708826689592,7.741099090035366,3286.7999878
LP001520,Male,Yes,0,Graduate,No,4860,830.0,360.0,1.0,Semiurban,Y,4.8283137373023015,8.48879371689454,5690.0
LP001713,Male,Yes,1,Graduate,Yes,7787,0.0,360.0,1.0,Urban,Y,5.480638923341991,8.960210955576986,7787.0
LP001349,Male,No,0,Graduate,No,4843,3806.0,360.0,1.0,Semiurban,Y,5.017279836814924,8.48528964240323,8649.0
LP002964,Male,Yes,2,Not Graduate,No,3987,1411.0,360.0,1.0,Rural,Y,5.056245805348308,8.290794347381356,5398.0
LP002926,Male,Yes,2,Graduate,Yes,2726,0.0,360.0,0.0,Semiurban,N,4.663439094112067,7.9105906122564775,2726.0
LP001255,Male,No,0,Graduate,No,3750,0.0,480.0,1.0,Urban,N,4.727387818712341,8.229511118964457,3750.0
LP001751,Male,Yes,0,Graduate,No,3250,0.0,360.0,1.0,Rural,N,5.135798437050262,8.086410275323782,3250.0
LP001953,Male,Yes,1,Graduate,No,6875,0.0,360.0,1.0,Semiurban,Y,5.298317366548036,8.835646922534773,6875.0
LP001518,Male,Yes,1,Graduate,No,1538,1425.0,360.0,1.0,Urban,Y,3.4011973816621555,7.338238150065589,2963.0
LP001050,,Yes,2,Not Graduate,No,3365,1917.0,360.0,0.0,Rural,N,4.718498871295094,8.121183242078828,5282.0
LP001392,Female,No,1,Graduate,Yes,7451,0.0,360.0,1.0,Semiurban,Y,4.984280948055957,8.916103530553727,7451.0
LP002872,,Yes,0,Graduate,No,3087,2210.0,360.0,0.0,Semiurban,N,4.912654885736052,8.034955024502159,5297.0
LP002448,Male,Yes,0,Graduate,No,3948,1733.0,360.0,0.0,Rural,N,5.003946305945459,8.280964400553373,5681.0
LP001610,Male,Yes,3+,Graduate,No,5516,11300.0,360.0,0.0,Semiurban,N,6.20455776256869,8.615408238913192,16816.0
LP001536,Male,Yes,3+,Graduate,No,39999,0.0,180.0,0.0,Semiurban,Y,6.396929655216146,10.596609732783568,39999.0
LP002588,Male,Yes,0,Graduate,No,4625,2857.0,12.0,,Urban,Y,4.709530201312334,8.439231649946526,7482.0
LP001114,Male,No,0,Graduate,No,4166,7210.0,360.0,1.0,Urban,Y,5.214935757608986,8.334711621820917,11376.0
LP002739,Male,Yes,0,Not Graduate,No,2917,536.0,360.0,1.0,Rural,N,4.189654742026425,7.978310969867722,3453.0
LP002807,Male,Yes,2,Not Graduate,No,3675,242.0,360.0,1.0,Semiurban,Y,4.68213122712422,8.209308411646937,3917.0
LP002753,Female,No,1,Graduate,No,3652,0.0,360.0,1.0,Semiurban,Y,4.553876891600541,8.20303024171486,3652.0
LP001581,Male,Yes,0,Not Graduate,No,1820,1769.0,360.0,1.0,Rural,Y,4.553876891600541,7.506591780070841,3589.0
LP002087,Female,No,0,Graduate,No,2500,0.0,360.0,1.0,Urban,Y,4.204692619390966,7.824046010856292,2500.0
LP002194,Female,No,0,Graduate,Yes,15759,0.0,360.0,1.0,Semiurban,Y,4.007333185232471,9.665166909622071,15759.0
LP002284,Male,No,0,Not Graduate,No,3902,1666.0,360.0,1.0,Rural,Y,4.6913478822291435,8.269244521183056,5568.0
LP001734,Female,Yes,2,Graduate,No,4283,2383.0,360.0,,Semiurban,Y,4.844187086458591,8.36240897761537,6666.0
LP001824,Male,Yes,1,Graduate,No,2882,1843.0,480.0,1.0,Semiurban,Y,4.812184355372417,7.966239776559467,4725.0
LP002723,Male,No,2,Graduate,No,3588,0.0,360.0,0.0,Rural,N,4.700480365792417,8.185350223178686,3588.0
LP001492,Male,No,0,Graduate,No,14999,0.0,360.0,0.0,Semiurban,N,5.488937726156687,9.61573881119536,14999.0
LP001198,Male,Yes,1,Graduate,No,8080,2250.0,360.0,1.0,Urban,Y,5.19295685089021,8.997147151515142,10330.0
LP002813,Female,Yes,1,Graduate,Yes,19484,0.0,360.0,1.0,Semiurban,Y,6.396929655216146,9.877348894926433,19484.0
LP001005,Male,Yes,0,Graduate,Yes,3000,0.0,360.0,1.0,Urban,Y,4.189654742026425,8.006367567650246,3000.0
LP001699,Male,No,0,Graduate,No,2479,0.0,360.0,1.0,Urban,Y,4.07753744390572,7.8156105320351905,2479.0
LP001835,Male,Yes,0,Not Graduate,No,1668,3890.0,360.0,0.0,Semiurban,N,5.303304908059076,7.419380582918692,5558.0
LP002740,Male,Yes,3+,Graduate,No,6417,0.0,180.0,1.0,Rural,Y,5.056245805348308,8.766705997750515,6417.0
LP001282,Male,Yes,0,Graduate,No,2500,2118.0,360.0,1.0,Semiurban,Y,4.6443908991413725,7.824046010856292,4618.0
LP002453,Male,No,0,Graduate,Yes,7085,0.0,360.0,1.0,Semiurban,Y,4.430816798843313,8.865735152124781,7085.0
LP002670,Female,Yes,2,Graduate,No,2031,1632.0,480.0,1.0,Semiurban,Y,4.727387818712341,7.616283561580385,3663.0
LP002893,Male,No,0,Graduate,No,1836,33837.0,360.0,1.0,Urban,N,4.499809670330265,7.515344571180436,35673.0
LP001673,Male,No,0,Graduate,Yes,11000,0.0,360.0,1.0,Urban,N,4.418840607796598,9.305650551780507,11000.0
LP001369,Male,Yes,2,Graduate,No,11417,1126.0,360.0,1.0,Urban,Y,5.41610040220442,9.342858751676328,12543.0
LP001087,Female,No,2,Graduate,No,3750,2083.0,360.0,1.0,Semiurban,Y,4.787491742782046,8.229511118964457,5833.0
LP002366,Male,Yes,0,Graduate,No,2666,4300.0,360.0,1.0,Rural,Y,4.795790545596741,7.888334500738654,6966.0
LP002188,Male,No,0,Graduate,No,5124,0.0,,0.0,Rural,N,4.820281565605037,8.541690663016626,5124.0
LP002543,Male,Yes,2,Graduate,No,8333,0.0,360.0,1.0,Semiurban,Y,5.5053315359323625,9.027978814382207,8333.0
LP001036,Female,No,0,Graduate,No,3510,0.0,360.0,0.0,Urban,N,4.330733340286331,8.163371316459912,3510.0
LP002804,Female,Yes,0,Graduate,No,4180,2306.0,360.0,1.0,Semiurban,Y,5.204006687076795,8.338066525518801,6486.0
LP002403,Male,No,0,Graduate,Yes,10416,0.0,360.0,0.0,Urban,N,5.231108616854587,9.251098364448351,10416.0
LP002031,Male,Yes,1,Not Graduate,No,3399,1640.0,180.0,1.0,Urban,Y,4.709530201312334,8.131236549696116,5039.0
LP001213,Male,Yes,1,Graduate,No,4945,0.0,360.0,0.0,Rural,N,4.984280948055957,8.506132244056813,4945.0
LP001914,Male,Yes,0,Graduate,No,3927,800.0,360.0,1.0,Semiurban,Y,4.718498871295094,8.27563105457801,4727.0
LP002958,Male,No,0,Graduate,No,3676,4301.0,360.0,1.0,Rural,Y,5.147494476813453,8.209580483475577,7977.0
LP001439,Male,Yes,0,Not Graduate,No,4300,2014.0,360.0,1.0,Rural,Y,5.267858159063328,8.366370301681654,6314.0
LP002888,Male,No,0,Graduate,No,3182,2917.0,360.0,1.0,Urban,Y,5.081404364984463,8.065265208897733,6099.0
LP001043,Male,Yes,0,Not Graduate,No,7660,0.0,360.0,0.0,Urban,N,4.6443908991413725,8.943767262734637,7660.0
LP001643,Male,Yes,0,Graduate,No,2383,2138.0,360.0,,Rural,Y,4.060443010546419,7.776115477098742,4521.0
LP001698,Male,No,0,Not Graduate,No,3975,2531.0,360.0,1.0,Rural,Y,4.007333185232471,8.287780027088433,6506.0
LP002517,Male,Yes,1,Not Graduate,No,2653,1500.0,180.0,0.0,Rural,N,4.727387818712341,7.88344635413774,4153.0
LP002541,Male,Yes,0,Graduate,No,10833,0.0,360.0,1.0,Semiurban,Y,5.455321115357702,9.290352309945568,10833.0
LP002126,Male,Yes,3+,Not Graduate,No,3173,0.0,360.0,1.0,Semiurban,Y,4.30406509320417,8.062432791583195,3173.0
LP002603,Female,No,0,Graduate,No,645,3683.0,480.0,1.0,Rural,Y,4.727387818712341,6.4692503167957724,4328.0
LP001884,Female,No,1,Graduate,No,2876,1560.0,360.0,1.0,Urban,Y,4.499809670330265,7.964155718840937,4436.0
LP001357,Male,,,Graduate,No,3816,754.0,360.0,1.0,Urban,Y,5.075173815233827,8.246958032568177,4570.0
LP001931,Female,No,0,Graduate,No,4124,0.0,360.0,1.0,Semiurban,Y,4.74493212836325,8.32457884513685,4124.0
LP002170,Male,Yes,2,Graduate,No,5000,3667.0,360.0,1.0,Semiurban,Y,5.4638318050256105,8.517193191416238,8667.0
LP002043,Female,No,1,Graduate,No,3541,0.0,360.0,,Semiurban,Y,4.718498871295094,8.172164452111904,3541.0
LP002424,Male,Yes,0,Graduate,No,7333,8333.0,300.0,,Rural,Y,5.1647859739235145,8.9001399880938,15666.0
LP002840,Female,No,0,Graduate,No,2378,0.0,360.0,1.0,Urban,N,2.1972245773362196,7.774015077250727,2378.0
LP002301,Female,No,0,Graduate,Yes,7441,0.0,360.0,1.0,Rural,N,5.267858159063328,8.914760527397261,7441.0
LP001109,Male,Yes,0,Graduate,No,1828,1330.0,,0.0,Urban,N,4.605170185988092,7.510977752014095,3158.0
LP002716,Male,No,0,Not Graduate,No,6783,0.0,360.0,1.0,Semiurban,Y,4.867534450455582,8.82217476094608,6783.0
LP001954,Female,Yes,1,Graduate,No,4666,0.0,360.0,1.0,Urban,Y,4.90527477843843,8.448057452581375,4666.0
LP001041,Male,Yes,0,Graduate,No,2600,3500.0,,1.0,Urban,Y,4.74493212836325,7.8632667240095735,6100.0
LP002002,Female,No,0,Graduate,No,2917,0.0,360.0,1.0,Semiurban,Y,4.430816798843313,7.978310969867722,2917.0
LP002697,Male,No,0,Graduate,No,4680,2087.0,360.0,1.0,Semiurban,N,4.984280948055957,8.451053388911692,6767.0
LP002556,Male,No,0,Graduate,No,2435,0.0,360.0,1.0,Urban,N,4.31748811353631,7.79770203551669,2435.0
LP001391,Male,Yes,0,Not Graduate,No,3572,4114.0,,0.0,Rural,N,5.0238805208462765,8.18088094199639,7686.0
LP002160,Male,Yes,3+,Graduate,No,5167,3167.0,360.0,1.0,Semiurban,Y,5.298317366548036,8.550047528287184,8334.0
LP001426,Male,Yes,,Graduate,No,5667,2667.0,360.0,1.0,Rural,Y,5.19295685089021,8.64241515616962,8334.0
LP001938,Male,Yes,2,Graduate,No,4400,0.0,360.0,0.0,Semiurban,N,4.844187086458591,8.389359819906353,4400.0
LP002277,Female,No,0,Graduate,No,3180,0.0,360.0,0.0,Urban,N,4.2626798770413155,8.064636475774222,3180.0
LP001279,Male,No,0,Graduate,No,2366,2531.0,360.0,1.0,Semiurban,Y,4.912654885736052,7.768956044538332,4897.0
LP001900,Male,Yes,1,Graduate,No,2750,1842.0,360.0,1.0,Semiurban,Y,4.74493212836325,7.919356190660617,4592.0
LP001478,Male,No,0,Graduate,No,2718,0.0,360.0,1.0,Semiurban,Y,4.248495242049359,7.907651594711089,2718.0
LP001682,Male,Yes,3+,Not Graduate,No,3992,0.0,180.0,1.0,Urban,N,4.984280948055957,8.292047637431354,3992.0
LP002741,Female,Yes,1,Graduate,No,4608,2845.0,180.0,1.0,Semiurban,Y,4.941642422609304,8.435549202375727,7453.0
LP001647,Male,Yes,0,Graduate,No,9328,0.0,180.0,1.0,Rural,Y,5.236441962829949,9.140775908590273,9328.0
LP001671,Female,Yes,0,Graduate,No,3416,2816.0,360.0,,Semiurban,Y,4.727387818712341,8.13622555490846,6232.0
LP002743,Female,No,0,Graduate,No,2138,0.0,360.0,0.0,Semiurban,N,4.59511985013459,7.6676260915849905,2138.0
LP001819,Male,Yes,1,Not Graduate,No,6608,0.0,180.0,1.0,Urban,Y,4.919980925828125,8.796036315200814,6608.0
LP001011,Male,Yes,2,Graduate,Yes,5417,4196.0,360.0,1.0,Urban,Y,5.58724865840025,8.597297435657898,9613.0
LP001519,Female,No,0,Graduate,No,10000,1666.0,360.0,1.0,Rural,N,5.41610040220442,9.210340371976184,11666.0
LP002729,Male,No,1,Graduate,No,11250,0.0,360.0,,Semiurban,N,5.278114659230517,9.328123407632566,11250.0
LP001616,Male,Yes,1,Graduate,No,3750,0.0,360.0,1.0,Semiurban,Y,4.7535901911063645,8.229511118964457,3750.0
LP001514,Female,Yes,0,Graduate,No,2330,4486.0,360.0,1.0,Semiurban,Y,4.605170185988092,7.753623546559746,6816.0
LP001691,Male,Yes,2,Not Graduate,No,3917,0.0,360.0,1.0,Semiurban,Y,4.820281565605037,8.27308133366583,3917.0
LP001006,Male,Yes,0,Not Graduate,No,2583,2358.0,360.0,1.0,Urban,Y,4.787491742782046,7.8567067930958405,4941.0
LP002778,Male,Yes,2,Graduate,Yes,6633,0.0,360.0,0.0,Rural,N,4.984280948055957,8.799812469525556,6633.0
LP002287,Female,No,0,Graduate,No,1500,1800.0,360.0,0.0,Semiurban,N,4.634728988229636,7.313220387090301,3300.0
LP002035,Male,Yes,2,Graduate,No,3717,0.0,360.0,1.0,Semiurban,Y,4.787491742782046,8.220672170297252,3717.0
LP001046,Male,Yes,1,Graduate,No,5955,5625.0,360.0,1.0,Urban,Y,5.752572638825633,8.691986481789401,11580.0
LP002106,Male,Yes,,Graduate,Yes,5503,4490.0,,1.0,Semiurban,Y,4.248495242049359,8.613048677059759,9993.0
LP002175,Male,Yes,0,Graduate,No,4750,2333.0,360.0,1.0,Urban,Y,4.867534450455582,8.465899897028686,7083.0
LP002494,Male,No,0,Graduate,No,6000,0.0,360.0,1.0,Rural,Y,4.941642422609304,8.699514748210191,6000.0
LP001449,Male,No,0,Graduate,No,3865,1640.0,360.0,1.0,Rural,Y,4.984280948055957,8.259716961021523,5505.0
LP001151,Female,No,0,Graduate,No,4000,2275.0,360.0,1.0,Semiurban,Y,4.969813299576001,8.294049640102028,6275.0
LP002455,Male,Yes,2,Graduate,No,3859,0.0,360.0,1.0,Semiurban,Y,4.564348191467836,8.258163361537619,3859.0
LP002684,Female,No,0,Not Graduate,No,3400,0.0,360.0,1.0,Rural,N,4.553876891600541,8.131530710604252,3400.0
LP002024,,Yes,0,Graduate,No,2473,1843.0,360.0,1.0,Rural,N,5.0689042022202315,7.813187267521416,4316.0
LP002098,Male,No,0,Graduate,No,2935,0.0,360.0,1.0,Semiurban,Y,4.584967478670572,7.984462732262196,2935.0
LP002682,Male,Yes,,Not Graduate,No,3074,1800.0,360.0,0.0,Semiurban,N,4.812184355372417,8.03073492409854,4874.0
LP002950,Male,Yes,0,Not Graduate,No,2894,2792.0,360.0,1.0,Rural,Y,5.043425116919247,7.970394907191429,5686.0
LP001947,Male,Yes,0,Graduate,No,2383,3334.0,360.0,1.0,Semiurban,Y,5.147494476813453,7.776115477098742,5717.0
LP001836,Female,No,2,Graduate,No,3427,0.0,360.0,1.0,Urban,N,4.927253685157205,8.139440521874608,3427.0
LP002190,Male,Yes,1,Graduate,No,6325,0.0,360.0,1.0,Semiurban,Y,5.1647859739235145,8.752265313595721,6325.0
LP002300,Female,No,0,Not Graduate,No,1963,0.0,360.0,1.0,Semiurban,Y,3.970291913552122,7.5822291942764615,1963.0
LP002652,Male,No,0,Graduate,No,5815,3666.0,360.0,1.0,Rural,N,5.739792912179234,8.668196064952765,9481.0
LP001123,Male,Yes,0,Graduate,No,2400,0.0,360.0,,Urban,Y,4.31748811353631,7.783224016336037,2400.0
LP002315,Male,Yes,1,Graduate,No,8300,0.0,300.0,0.0,Semiurban,N,5.0238805208462765,9.02401079378469,8300.0
LP002244,Male,Yes,0,Graduate,No,2333,2417.0,360.0,1.0,Urban,Y,4.912654885736052,7.75491027202143,4750.0
LP001405,Male,Yes,1,Graduate,No,2214,1398.0,360.0,,Urban,Y,4.442651256490317,7.7025561132685825,3612.0
LP001888,Female,No,0,Graduate,No,3237,0.0,360.0,1.0,Urban,Y,3.4011973816621555,8.082402253926244,3237.0
LP002065,Male,Yes,3+,Graduate,No,15000,0.0,360.0,1.0,Rural,Y,5.703782474656201,9.615805480084347,15000.0
LP002948,Male,Yes,2,Graduate,No,5780,0.0,360.0,1.0,Urban,Y,5.2574953720277815,8.662158961666423,5780.0
LP001002,Male,No,0,Graduate,No,5849,0.0,360.0,1.0,Urban,Y,4.984280948055957,8.674025985443025,5849.0
LP001993,Female,No,0,Graduate,No,3762,1666.0,360.0,1.0,Rural,Y,4.90527477843843,8.232706009860976,5428.0
LP002435,Male,Yes,0,Graduate,No,3539,1376.0,360.0,1.0,Rural,N,4.007333185232471,8.171599480345463,4915.0
LP001964,Male,Yes,0,Not Graduate,No,1800,2934.0,360.0,0.0,Urban,N,4.532599493153256,7.495541943884256,4734.0
LP002255,Male,No,3+,Graduate,No,9167,0.0,360.0,1.0,Rural,Y,5.220355825078324,9.123365357961776,9167.0
LP001194,Male,Yes,2,Graduate,No,2708,1167.0,360.0,1.0,Semiurban,Y,4.574710978503383,7.903965634032166,3875.0
LP001507,Male,Yes,0,Graduate,No,2698,2034.0,360.0,1.0,Semiurban,Y,4.804021044733257,7.900266036767701,4732.0
LP002911,Male,Yes,1,Graduate,No,2787,1917.0,360.0,0.0,Rural,N,4.983606621708336,7.932721027481948,4704.0
LP001574,Male,Yes,0,Graduate,No,3707,3166.0,,1.0,Rural,Y,5.204006687076795,8.217978203150732,6873.0
LP001273,Male,Yes,0,Graduate,No,6000,2250.0,360.0,,Semiurban,N,5.579729825986222,8.699514748210191,8250.0
LP002618,Male,Yes,1,Not Graduate,No,4050,5302.0,360.0,,Rural,N,4.927253685157205,8.306472160100585,9352.0
LP002953,Male,Yes,3+,Graduate,No,5703,0.0,360.0,1.0,Urban,Y,4.852030263919617,8.648747631156539,5703.0
LP001692,Female,No,0,Not Graduate,No,4408,0.0,360.0,1.0,Semiurban,Y,4.787491742782046,8.391176350832751,4408.0
LP002690,Male,No,0,Graduate,No,2500,0.0,360.0,1.0,Semiurban,Y,4.007333185232471,7.824046010856292,2500.0
LP002050,Male,Yes,1,Graduate,Yes,10000,0.0,360.0,1.0,Rural,N,5.043425116919247,9.210340371976184,10000.0
LP002237,Male,No,1,Graduate,No,3667,0.0,180.0,1.0,Urban,Y,4.727387818712341,8.207129168071326,3667.0
LP002795,Male,Yes,3+,Graduate,Yes,10139,0.0,360.0,1.0,Semiurban,Y,5.560681631015528,9.22414465295258,10139.0
LP001038,Male,Yes,0,Not Graduate,No,4887,0.0,360.0,1.0,Rural,N,4.890349128221754,8.494333897270154,4887.0
LP001972,Male,Yes,,Not Graduate,No,2875,1750.0,360.0,1.0,Semiurban,Y,4.653960350157523,7.963807953231451,4625.0
LP002422,Male,No,1,Graduate,No,37719,0.0,360.0,1.0,Semiurban,Y,5.0238805208462765,10.537919225261291,37719.0
LP001641,Male,Yes,1,Graduate,Yes,2178,0.0,300.0,0.0,Rural,N,4.189654742026425,7.686162303492906,2178.0
LP001280,Male,Yes,2,Not Graduate,No,3333,2000.0,360.0,,Semiurban,Y,4.59511985013459,8.11162807830774,5333.0
LP002467,Male,Yes,0,Graduate,No,3708,2569.0,360.0,1.0,Urban,N,5.153291594497779,8.218247926685745,6277.0
LP002983,Male,Yes,1,Graduate,No,8072,240.0,360.0,1.0,Urban,Y,5.53338948872752,8.996156562033445,8312.0
LP001138,Male,Yes,1,Graduate,No,5649,0.0,360.0,1.0,Urban,Y,3.784189633918261,8.639233817325263,5649.0
LP002925,,No,0,Graduate,No,4750,0.0,360.0,1.0,Semiurban,Y,4.543294782270004,8.465899897028686,4750.0
LP001565,Male,Yes,1,Graduate,No,3089,1280.0,360.0,0.0,Semiurban,N,4.795790545596741,8.035602692918582,4369.0
LP001955,Female,No,0,Graduate,No,5000,2541.0,480.0,1.0,Rural,N,5.017279836814924,8.517193191416238,7541.0
LP002386,Male,No,0,Graduate,No,12876,0.0,360.0,1.0,Semiurban,Y,6.003887067106539,9.463120392418698,12876.0
LP002734,Male,Yes,0,Graduate,No,6133,3906.0,360.0,1.0,Urban,Y,5.780743515792329,8.721439305625983,10039.0
LP001743,Male,Yes,2,Graduate,No,4009,1717.0,360.0,1.0,Semiurban,Y,4.7535901911063645,8.296297112642508,5726.0
LP001482,Male,Yes,0,Graduate,Yes,3459,0.0,120.0,1.0,Semiurban,Y,3.2188758248682006,8.148734808937169,3459.0
LP001498,Male,No,0,Graduate,No,5417,0.0,360.0,1.0,Urban,Y,5.123963979403259,8.597297435657898,5417.0
LP002571,Male,No,0,Not Graduate,No,3691,0.0,360.0,1.0,Rural,Y,4.700480365792417,8.213652703029998,3691.0
LP001859,Male,Yes,0,Graduate,No,14683,2100.0,360.0,1.0,Rural,N,5.717027701406222,9.594445640962938,16783.0
LP001491,Male,Yes,2,Graduate,Yes,3316,3500.0,360.0,1.0,Urban,Y,4.477336814478207,8.106514516255185,6816.0
LP002689,Male,Yes,2,Not Graduate,No,2192,1742.0,360.0,1.0,Semiurban,Y,3.8066624897703196,7.692569648067906,3934.0
LP002097,Male,No,1,Graduate,No,4384,1793.0,360.0,1.0,Urban,Y,4.762173934797756,8.385716828627851,6177.0
LP002201,Male,Yes,2,Graduate,Yes,9323,7873.0,300.0,1.0,Rural,Y,5.940171252720432,9.140239744296693,17196.0
LP002219,Male,Yes,3+,Graduate,No,8750,4996.0,360.0,1.0,Rural,Y,4.867534450455582,9.07680897935166,13746.0
LP001546,Male,No,0,Graduate,No,2980,2083.0,360.0,1.0,Rural,Y,4.787491742782046,7.9996785794994505,5063.0
LP001666,Male,No,0,Graduate,No,8333,3750.0,360.0,1.0,Rural,Y,5.231108616854587,9.027978814382207,12083.0
LP001633,Male,Yes,1,Graduate,No,6400,7250.0,360.0,0.0,Urban,N,5.19295685089021,8.764053269347762,13650.0
LP001020,Male,Yes,1,Graduate,No,12841,10968.0,360.0,1.0,Semiurban,N,5.855071922202427,9.460398455831275,23809.0
LP001864,Male,Yes,3+,Not Graduate,No,4931,0.0,360.0,,Semiurban,N,4.852030263919617,8.503297086224126,4931.0
LP001097,Male,No,1,Graduate,Yes,4692,0.0,360.0,1.0,Rural,N,4.663439094112067,8.453614209773367,4692.0
LP001528,Male,No,0,Graduate,No,6277,0.0,360.0,0.0,Rural,N,4.770684624465665,8.744647438317532,6277.0
LP001871,Female,No,0,Graduate,No,7200,0.0,360.0,1.0,Rural,Y,4.787491742782046,8.881836305004146,7200.0
LP002990,Female,No,0,Graduate,Yes,4583,0.0,360.0,0.0,Semiurban,N,4.890349128221754,8.430109084509125,4583.0
LP001356,Male,Yes,0,Graduate,No,4652,3583.0,360.0,1.0,Semiurban,Y,4.984280948055957,8.445052513638554,8235.0
LP002131,Male,Yes,2,Not Graduate,No,3083,2168.0,360.0,1.0,Urban,Y,4.836281906951478,8.03365842788615,5251.0
LP001116,Male,No,0,Not Graduate,No,3748,1668.0,360.0,1.0,Semiurban,Y,4.700480365792417,8.228977643358313,5416.0
LP001086,Male,No,0,Not Graduate,No,1442,0.0,360.0,1.0,Urban,N,3.5553480614894135,7.273786317844895,1442.0
LP002139,Male,Yes,0,Graduate,No,9083,0.0,360.0,1.0,Semiurban,Y,5.429345628954441,9.114159813502214,9083.0
LP001720,Male,Yes,3+,Not Graduate,No,3850,983.0,360.0,1.0,Semiurban,Y,4.605170185988092,8.25582842728183,4833.0
LP002794,Female,No,0,Graduate,No,2667,1625.0,360.0,,Urban,Y,4.430816798843313,7.888709524182015,4292.0
LP002547,Male,Yes,1,Graduate,No,18333,0.0,360.0,1.0,Urban,N,6.214608098422191,9.816457993563025,18333.0
LP001580,Male,Yes,2,Graduate,No,8000,0.0,360.0,1.0,Semiurban,Y,5.298317366548036,8.987196820661973,8000.0
LP002898,Male,Yes,1,Graduate,No,1880,0.0,360.0,,Rural,N,4.110873864173311,7.539027055823995,1880.0
LP002624,Male,Yes,0,Graduate,No,20833,6667.0,360.0,,Urban,Y,6.173786103901937,9.944293546928382,27500.0
LP002522,Female,No,0,Graduate,Yes,2500,0.0,360.0,,Urban,Y,4.532599493153256,7.824046010856292,2500.0
LP001693,Female,No,0,Graduate,No,3244,0.0,360.0,1.0,Urban,Y,4.382026634673881,8.084562415235304,3244.0
LP001532,Male,Yes,2,Not Graduate,No,2281,0.0,360.0,1.0,Rural,N,4.727387818712341,7.732369222284388,2281.0
LP002974,Male,Yes,0,Graduate,No,3232,1950.0,360.0,1.0,Rural,Y,4.68213122712422,8.080856419640986,5182.0
LP001091,Male,Yes,1,Graduate,No,4166,3369.0,360.0,,Urban,N,5.303304908059076,8.334711621820917,7535.0
LP002181,Male,No,0,Not Graduate,No,6216,0.0,360.0,1.0,Rural,N,4.890349128221754,8.734881892047483,6216.0
LP001846,Female,No,3+,Graduate,No,3083,0.0,360.0,1.0,Rural,Y,5.541263545158426,8.03365842788615,3083.0
LP002328,Male,Yes,0,Not Graduate,No,6096,0.0,360.0,0.0,Rural,N,5.384495062789089,8.715388097366482,6096.0
LP002086,Female,Yes,0,Graduate,No,4333,2451.0,360.0,1.0,Urban,N,4.700480365792417,8.374015421739909,6784.0
LP001715,Male,Yes,3+,Not Graduate,Yes,5703,0.0,360.0,1.0,Rural,Y,4.867534450455582,8.648747631156539,5703.0
LP001489,Female,Yes,0,Graduate,No,4583,0.0,360.0,1.0,Rural,N,4.430816798843313,8.430109084509125,4583.0
LP002792,Male,Yes,1,Graduate,No,5468,1032.0,360.0,1.0,Semiurban,Y,3.258096538021482,8.60666819784384,6500.0
LP002130,Male,Yes,,Not Graduate,No,3523,3230.0,360.0,0.0,Rural,N,5.0238805208462765,8.167068178341237,6753.0
LP001784,Male,Yes,1,Graduate,No,5500,1260.0,360.0,1.0,Rural,Y,5.135798437050262,8.612503371220562,6760.0
LP002368,Male,Yes,2,Graduate,No,5935,0.0,360.0,1.0,Semiurban,Y,4.890349128221754,8.688622307043769,5935.0
LP002738,Male,No,2,Graduate,No,3617,0.0,360.0,1.0,Semiurban,Y,4.672828834461906,8.193400231952097,3617.0
LP001579,Male,No,0,Graduate,No,2237,0.0,480.0,0.0,Semiurban,N,4.143134726391533,7.71289096149013,2237.0
LP002959,Female,Yes,1,Graduate,No,12000,0.0,360.0,1.0,Semiurban,Y,6.206575926724928,9.392661928770137,12000.0
LP001761,Male,No,0,Graduate,Yes,6400,0.0,360.0,1.0,Rural,Y,5.298317366548036,8.764053269347762,6400.0
LP001750,Male,Yes,0,Graduate,No,6250,0.0,360.0,1.0,Semiurban,Y,4.852030263919617,8.740336742730447,6250.0
LP002798,Male,Yes,0,Graduate,No,3887,2669.0,360.0,1.0,Semiurban,Y,5.087596335232384,8.265392930852224,6556.0
LP001585,,Yes,3+,Graduate,No,51763,0.0,300.0,1.0,Urban,Y,6.551080335043404,10.854430887309706,51763.0
LP002622,Male,Yes,2,Graduate,No,3510,4416.0,360.0,1.0,Rural,Y,5.493061443340548,8.163371316459912,7926.0
LP002342,Male,Yes,2,Graduate,Yes,1600,20000.0,360.0,1.0,Urban,N,5.476463551931511,7.3777589082278725,21600.0
LP002305,Female,No,0,Graduate,No,4547,0.0,360.0,1.0,Semiurban,Y,4.74493212836325,8.42222295382501,4547.0
LP001882,Male,Yes,3+,Graduate,No,4333,1811.0,360.0,0.0,Urban,Y,5.075173815233827,8.374015421739909,6144.0
LP002357,Female,No,0,Not Graduate,No,2720,0.0,,0.0,Urban,N,4.382026634673881,7.908387159290043,2720.0
LP002515,Male,Yes,1,Graduate,Yes,3450,2079.0,360.0,1.0,Semiurban,Y,5.087596335232384,8.146129510025405,5529.0
LP001401,Male,Yes,1,Graduate,No,14583,0.0,180.0,1.0,Rural,Y,5.220355825078324,9.587611745713565,14583.0
LP002473,Male,Yes,0,Graduate,No,8334,0.0,360.0,1.0,Semiurban,N,5.075173815233827,9.0280988119824,8334.0
LP001788,Female,No,0,Graduate,Yes,3463,0.0,360.0,,Urban,Y,4.804021044733257,8.149890544402423,3463.0
LP002530,,Yes,2,Graduate,No,2873,1872.0,360.0,0.0,Semiurban,N,4.882801922586371,7.96311205897929,4745.0
LP002205,Male,No,1,Graduate,No,3062,1987.0,180.0,0.0,Urban,N,4.709530201312334,8.026823576217629,5049.0
LP001146,Female,Yes,0,Graduate,No,2645,3440.0,360.0,0.0,Urban,N,4.787491742782046,7.8804263442924,6085.0
LP002931,Male,Yes,2,Graduate,Yes,6000,0.0,240.0,1.0,Semiurban,N,5.3230099791384085,8.699514748210191,6000.0
LP002862,Male,Yes,2,Not Graduate,No,6125,1625.0,480.0,1.0,Semiurban,N,5.231108616854587,8.720134035412928,7750.0
LP002772,Male,No,0,Graduate,No,2526,1783.0,360.0,1.0,Rural,Y,4.976733742420574,7.8343923029104365,4309.0
LP002757,Female,Yes,0,Not Graduate,No,3017,663.0,360.0,,Semiurban,Y,4.624972813284271,8.012018239159062,3680.0
LP001267,Female,Yes,2,Graduate,No,1378,1881.0,360.0,1.0,Urban,N,5.117993812416755,7.228388451573604,3259.0
LP002319,Male,Yes,0,Graduate,No,6256,0.0,360.0,,Urban,Y,5.075173815233827,8.741296282225147,6256.0
LP002144,Female,No,,Graduate,No,3813,0.0,180.0,1.0,Urban,Y,4.7535901911063645,8.246171559857563,3813.0
LP001326,Male,No,0,Graduate,No,6782,0.0,360.0,,Urban,N,4.984280948055957,8.822027322685583,6782.0
LP002434,Male,Yes,2,Not Graduate,No,4652,0.0,360.0,1.0,Rural,Y,4.700480365792417,8.445052513638554,4652.0
LP001233,Male,Yes,1,Graduate,No,10750,0.0,360.0,1.0,Urban,Y,5.7430031878094825,9.28266103355581,10750.0
LP002054,Male,Yes,2,Not Graduate,No,3601,1590.0,360.0,1.0,Rural,Y,4.984280948055957,8.188966863648876,5191.0
LP001327,Female,Yes,0,Graduate,No,2484,2302.0,360.0,1.0,Semiurban,Y,4.919980925828125,7.81762544305337,4786.0
LP001047,Male,Yes,0,Not Graduate,No,2600,1911.0,360.0,0.0,Semiurban,N,4.7535901911063645,7.8632667240095735,4511.0
LP001844,Male,No,0,Graduate,Yes,16250,0.0,360.0,0.0,Urban,N,5.2574953720277815,9.695848187757884,16250.0
LP002361,Male,Yes,0,Graduate,No,1820,1719.0,360.0,1.0,Urban,Y,4.605170185988092,7.506591780070841,3539.0
LP002226,Male,Yes,0,Graduate,No,3333,2500.0,360.0,1.0,Semiurban,Y,4.852030263919617,8.11162807830774,5833.0
LP001677,Male,No,2,Graduate,No,4923,0.0,360.0,0.0,Semiurban,Y,5.111987788356544,8.5016733797582,4923.0
LP002151,Male,Yes,1,Graduate,No,3875,0.0,360.0,1.0,Urban,N,4.204692619390966,8.262300941787448,3875.0
LP001451,Male,Yes,1,Graduate,Yes,10513,3850.0,180.0,0.0,Urban,N,5.075173815233827,9.26036786557583,14363.0
LP001508,Male,Yes,2,Graduate,No,11757,0.0,180.0,1.0,Urban,Y,5.231108616854587,9.372204086867741,11757.0
LP002296,Male,No,0,Not Graduate,No,2755,0.0,300.0,1.0,Rural,N,4.174387269895637,7.9211727215870145,2755.0
LP001702,Male,No,0,Graduate,No,3418,0.0,360.0,1.0,Semiurban,N,4.844187086458591,8.136810863675537,3418.0
LP001925,Female,No,0,Graduate,Yes,2600,1717.0,300.0,1.0,Semiurban,N,4.59511985013459,7.8632667240095735,4317.0
LP002600,Male,Yes,1,Graduate,Yes,2895,0.0,360.0,1.0,Semiurban,Y,4.553876891600541,7.970740390007095,2895.0
LP001883,Female,No,0,Graduate,No,3418,0.0,360.0,1.0,Rural,N,4.90527477843843,8.136810863675537,3418.0
LP001316,Male,Yes,0,Graduate,No,2958,2900.0,360.0,1.0,Semiurban,Y,4.875197323201151,7.992268643270745,5858.0
LP001120,Male,No,0,Graduate,No,1800,1213.0,360.0,1.0,Urban,Y,3.8501476017100584,7.495541943884256,3013.0
LP002833,Male,Yes,0,Not Graduate,No,4467,0.0,360.0,,Rural,Y,4.787491742782046,8.404472321352118,4467.0
LP002112,Male,Yes,2,Graduate,Yes,2500,4600.0,360.0,1.0,Rural,Y,5.170483995038151,7.824046010856292,7100.0
LP002341,Female,No,1,Graduate,No,2600,0.0,360.0,1.0,Urban,N,5.075173815233827,7.8632667240095735,2600.0
LP001778,Male,Yes,1,Graduate,No,3155,1779.0,360.0,1.0,Semiurban,Y,4.941642422609304,8.056743774975313,4934.0
LP002187,Male,No,0,Graduate,No,2500,0.0,480.0,1.0,Semiurban,N,4.564348191467836,7.824046010856292,2500.0
LP001179,Male,Yes,2,Graduate,No,4616,0.0,360.0,1.0,Urban,N,4.897839799950911,8.437283808187935,4616.0
LP001807,Male,Yes,2,Graduate,Yes,6250,1300.0,360.0,1.0,Rural,Y,4.68213122712422,8.740336742730447,7550.0
LP001264,Male,Yes,3+,Not Graduate,Yes,3333,2166.0,360.0,,Semiurban,Y,4.867534450455582,8.11162807830774,5499.0
LP001157,Female,No,0,Graduate,No,3086,0.0,360.0,1.0,Semiurban,Y,4.787491742782046,8.034631032923107,3086.0
LP002705,Male,Yes,0,Graduate,No,3775,0.0,360.0,1.0,Semiurban,Y,4.700480365792417,8.236155661683124,3775.0
LP002113,Female,No,3+,Not Graduate,No,1830,0.0,360.0,0.0,Urban,N,4.984280948055957,7.512071245835466,1830.0
LP002115,Male,Yes,3+,Not Graduate,No,2647,1587.0,360.0,1.0,Rural,N,5.153291594497779,7.881182202227102,4234.0
LP002659,Male,Yes,3+,Graduate,No,3466,3428.0,360.0,1.0,Rural,Y,5.0106352940962555,8.150756470275551,6894.0
LP002732,Male,No,0,Not Graduate,No,2550,2042.0,360.0,1.0,Rural,Y,4.836281906951478,7.843848638152472,4592.0
LP002008,Male,Yes,2,Graduate,Yes,5746,0.0,84.0,,Rural,Y,4.969813299576001,8.656259239539235,5746.0
LP001770,Male,No,0,Not Graduate,No,3189,2598.0,,1.0,Rural,Y,4.787491742782046,8.067462667010057,5787.0
LP002788,Male,Yes,0,Not Graduate,No,2454,2333.0,360.0,0.0,Urban,N,5.198497031265826,7.805474625270857,4787.0
LP001640,Male,Yes,0,Graduate,Yes,39147,4750.0,360.0,1.0,Semiurban,Y,4.787491742782046,10.575079070130357,43897.0
LP002949,Female,No,3+,Graduate,No,416,41667.0,180.0,,Urban,N,5.857933154483459,6.030685260261263,42083.0
LP001207,Male,Yes,0,Not Graduate,Yes,2609,3449.0,180.0,0.0,Rural,N,5.10594547390058,7.866722285136729,6058.0
LP002534,Female,No,0,Not Graduate,No,4350,0.0,360.0,1.0,Rural,Y,5.0369526024136295,8.37793112408273,4350.0
LP002693,Male,Yes,2,Graduate,Yes,7948,7166.0,360.0,1.0,Rural,Y,6.173786103901937,8.980675603671708,15114.0
LP001814,Male,Yes,2,Graduate,No,9703,0.0,360.0,1.0,Urban,Y,4.718498871295094,9.1801903950253,9703.0
LP001487,Male,No,0,Graduate,No,4895,0.0,360.0,1.0,Semiurban,Y,4.624972813284271,8.49596955496461,4895.0
LP002484,Male,Yes,3+,Graduate,No,7740,0.0,180.0,1.0,Urban,Y,4.852030263919617,8.954156966583772,7740.0
